Trip_id,Start_Date,End_Date,Number_Of_Travellers,preferences,User_id,created_at,Destination,Required_Activity_IDS,Excluded_Activity_Ids,Preference_Scores
5,2025-11-22,2025-12-12,1,ADVENTURE,3,2025-11-11 12:26:09.463508+00,,,,
7,,,1,,3,2025-11-12 16:53:11.878646+00,Marrakesh,,,
10,2026-01-15,2026-02-01,1,ADVENTURE,6,2025-11-15 18:50:36.558705+00,Tanzania,,,
26,,,1,ADVENTURE,1,2025-11-27 15:42:15.300757+00,South Africa,,,
27,2025-11-28,2025-11-30,4,RELAXATION,1,2025-11-27 17:13:24.226754+00,South Africa,,,
29,2025-11-29,2025-12-12,8,ADVENTURE,10,2025-11-27 18:52:54.663895+00,South Africa,,,
40,2026-04-01,2026-04-12,4,CULTURE,31,2025-11-29 16:30:03.240675+00,South Africa,,,
41,2026-07-10,2026-07-26,4,ADVENTURE,31,2025-11-29 16:34:21.706253+00,Morocco,,,
42,2025-11-30,2025-12-14,2,CULTURE,6,2025-11-29 18:17:48.716373+00,Morocco,"41,40,42,53,47,49,48,52,44,45,51","46,50,54,56","{""CULTURE"": 5, ""ADVENTURE"": 3, ""RELAXATION"": 3, ""NATURE"": 3}"
43,2025-11-30,2025-12-03,1,NATURE,1,2025-11-30 08:49:59.42387+00,Morocco,,,"{""CULTURE"": 3, ""ADVENTURE"": 3, ""RELAXATION"": 3, ""NATURE"": 5}"
49,2026-04-14,2026-04-25,8,NATURE,33,2025-11-30 14:35:33.870655+00,Morocco,,,
51,2025-12-01,2026-01-31,5,RELAXATION,5,2025-11-30 20:38:20.000784+00,South Africa,,,
52,2025-12-21,2025-12-27,1,CULTURE,5,2025-11-30 23:50:25.776169+00,South Africa,,,
55,2025-12-07,2025-12-24,6,RELAXATION,9,2025-12-01 15:26:36.984091+00,South Africa,,,
56,2025-12-02,2025-12-07,3,ADVENTURE,9,2025-12-01 16:25:30.532884+00,Morocco,,,
66,2025-12-18,2025-12-26,1,ADVENTURE,10,2025-12-02 14:35:20.497905+00,Morocco,"49,51",54,"{""CULTURE"": 2, ""ADVENTURE"": 4, ""RELAXATION"": 2, ""NATURE"": 4}"
67,2025-12-17,2025-12-24,1,CULTURE,9,2025-12-02 15:33:14.760602+00,Morocco,,,"{""CULTURE"": 4, ""ADVENTURE"": 3, ""RELAXATION"": 4, ""NATURE"": 2}"
79,2026-03-31,2026-04-06,2,RELAXATION,34,2025-12-03 20:04:38.57928+00,South Africa,"19,14,20,16,18","11,12","{""CULTURE"": 4, ""ADVENTURE"": 1, ""RELAXATION"": 5, ""NATURE"": 5}"
80,2026-01-03,2026-01-09,2,CULTURE,34,2025-12-03 20:15:58.00784+00,Morocco,"41,47,46,49","51,45","{""CULTURE"": 5, ""ADVENTURE"": 3, ""RELAXATION"": 4, ""NATURE"": 1}"
81,2025-12-22,2025-12-30,1,CULTURE,10,2025-12-03 23:51:06.898971+00,Morocco,,,"{""CULTURE"": 5, ""ADVENTURE"": 4, ""RELAXATION"": 1, ""NATURE"": 4}"
87,2025-12-22,2026-01-07,1,ADVENTURE,5,2025-12-04 13:30:34.777964+00,Morocco,"40,56,42,45,46,47,50,51,52,54","41,44,49,48,53","{""CULTURE"": 4, ""ADVENTURE"": 5, ""RELAXATION"": 2, ""NATURE"": 2}"
91,2025-12-16,2025-12-19,1,RELAXATION,35,2025-12-06 08:25:19.146466+00,Morocco,"41,45,49","53,52,51,48,50","{""CULTURE"": 2, ""ADVENTURE"": 4, ""RELAXATION"": 5, ""NATURE"": 5}"
92,2026-02-27,2026-03-12,1,CULTURE,36,2025-12-06 08:40:51.336772+00,Morocco,"41,40,56,46,47,49,48,50,51,54","42,44,45,52,53","{""CULTURE"": 4, ""ADVENTURE"": 4, ""RELAXATION"": 4, ""NATURE"": 2}"
93,2026-01-14,2026-01-19,1,ADVENTURE,37,2025-12-06 08:41:45.910021+00,Morocco,"41,40,56,44,46,47,49,50,51,54","45,52,53","{""CULTURE"": 2, ""ADVENTURE"": 4, ""RELAXATION"": 4, ""NATURE"": 4}"
94,2026-06-30,2026-07-14,1,ADVENTURE,38,2025-12-06 10:14:21.351292+00,South Africa,"21,10,19,17,22,13,20","11,12,15,16,23","{""CULTURE"": 4, ""ADVENTURE"": 5, ""RELAXATION"": 2, ""NATURE"": 4}"
97,2026-01-11,2026-01-28,1,CULTURE,42,2025-12-06 12:15:29.91841+00,South Africa,"21,10,17,15,22,13,23",,"{""CULTURE"": 5, ""ADVENTURE"": 5, ""RELAXATION"": 2, ""NATURE"": 5}"
98,2026-01-11,2026-01-28,1,CULTURE,42,2025-12-06 12:16:18.663873+00,South Africa,"21,10,17,15,22,13,23",,"{""CULTURE"": 5, ""ADVENTURE"": 5, ""RELAXATION"": 2, ""NATURE"": 5}"
103,2025-12-19,2025-12-26,1,CULTURE,47,2025-12-06 21:07:02.712869+00,South Africa,"21,10,12,19,14,17,15,16,13,20","11,22,24,23,18","{""CULTURE"": 4, ""ADVENTURE"": 2, ""RELAXATION"": 2, ""NATURE"": 2}"
105,2025-12-15,2025-12-19,1,NATURE,9,2025-12-07 16:30:56.266745+00,South Africa,22,,"{""CULTURE"": 2, ""ADVENTURE"": 4, ""RELAXATION"": 2, ""NATURE"": 5}"
106,2025-12-08,2025-12-15,1,ADVENTURE,9,2025-12-07 16:39:57.161326+00,Morocco,"40,46,48,53,45",,"{""CULTURE"": 3, ""ADVENTURE"": 4, ""RELAXATION"": 2, ""NATURE"": 3}"
107,2026-06-06,2026-06-19,1,RELAXATION,51,2025-12-07 18:50:34.818513+00,South Africa,"12,15,23","24,20","{""CULTURE"": 3, ""ADVENTURE"": 2, ""RELAXATION"": 5, ""NATURE"": 5}"
108,2026-06-06,2026-06-19,1,RELAXATION,51,2025-12-07 18:50:41.443477+00,South Africa,"12,15,23","24,20","{""CULTURE"": 3, ""ADVENTURE"": 2, ""RELAXATION"": 5, ""NATURE"": 5}"
109,2025-12-08,2025-12-26,2,CULTURE,52,2025-12-08 09:55:54.880084+00,South Africa,"10,17,22",21,"{""CULTURE"": 4, ""ADVENTURE"": 2, ""RELAXATION"": 4, ""NATURE"": 4}"
110,2025-12-07,2025-12-26,1,ADVENTURE,52,2025-12-08 10:03:18.775365+00,Morocco,"49,47",42,"{""CULTURE"": 1, ""ADVENTURE"": 5, ""RELAXATION"": 1, ""NATURE"": 5}"
111,2025-12-23,2025-12-30,1,NATURE,10,2025-12-08 11:06:40.587187+00,South Africa,10,11,"{""CULTURE"": 4, ""ADVENTURE"": 2, ""RELAXATION"": 1, ""NATURE"": 5}"
115,2025-12-14,2025-12-26,1,CULTURE,9,2025-12-08 13:50:22.70841+00,South Africa,,,"{""CULTURE"": 3, ""ADVENTURE"": 3, ""RELAXATION"": 3, ""NATURE"": 3}"
116,2025-12-21,2026-01-07,1,RELAXATION,47,2025-12-08 12:51:13.760466+00,South Africa,"10,11,12,13,15,16,17,18,19,20,21,24","14,23,22","{""CULTURE"": 2, ""ADVENTURE"": 2, ""RELAXATION"": 5, ""NATURE"": 3}"
117,2026-03-01,2026-03-09,2,RELAXATION,53,2025-12-08 13:10:58.663172+00,South Africa,"11,12",16,"{""CULTURE"": 1, ""ADVENTURE"": 4, ""RELAXATION"": 5, ""NATURE"": 5}"
126,2025-12-15,2025-12-22,1,CULTURE,4,2025-12-09 11:50:12.222957+00,South Africa,,,"{""CULTURE"": 3, ""ADVENTURE"": 3, ""RELAXATION"": 3, ""NATURE"": 3}"
127,2026-02-14,2026-02-19,1,RELAXATION,54,2025-12-09 14:21:52.66435+00,South Africa,"13,59",11,"{""CULTURE"": 4, ""ADVENTURE"": 2, ""RELAXATION"": 5, ""NATURE"": 3}"
128,2025-12-20,2026-01-23,1,CULTURE,55,2025-12-09 14:59:19.397644+00,South Africa,,,"{""CULTURE"": 3, ""ADVENTURE"": 3, ""RELAXATION"": 3, ""NATURE"": 3}"
129,2025-12-15,2025-12-22,1,CULTURE,56,2025-12-09 15:45:31.047159+00,Morocco,,,"{""CULTURE"": 3, ""ADVENTURE"": 3, ""RELAXATION"": 3, ""NATURE"": 3}"
130,2025-12-29,2026-01-05,2,CULTURE,10,2025-12-09 17:30:47.068798+00,South Africa,24,22,"{""CULTURE"": 3, ""ADVENTURE"": 3, ""RELAXATION"": 3, ""NATURE"": 3}"
132,2025-12-17,2025-12-24,2,CULTURE,4,2025-12-09 18:12:17.627898+00,South Africa,,,"{""CULTURE"": 3, ""ADVENTURE"": 3, ""RELAXATION"": 3, ""NATURE"": 3}"
133,2025-12-15,2025-12-23,1,CULTURE,4,2025-12-09 19:09:26.504176+00,South Africa,,,"{""CULTURE"": 3, ""ADVENTURE"": 3, ""RELAXATION"": 3, ""NATURE"": 3}"
134,2025-12-15,2025-12-30,1,CULTURE,4,2025-12-09 19:12:40.639982+00,South Africa,,19,"{""CULTURE"": 3, ""ADVENTURE"": 3, ""RELAXATION"": 3, ""NATURE"": 3}"
135,2026-07-04,2026-07-10,3,CULTURE,57,2025-12-09 19:06:54.931871+00,Morocco,"47,48","45,49","{""CULTURE"": 5, ""ADVENTURE"": 2, ""RELAXATION"": 4, ""NATURE"": 5}"
136,2025-12-10,2025-12-17,1,CULTURE,1,2025-12-10 07:58:47.552917+00,South Africa,,,"{""CULTURE"": 5, ""ADVENTURE"": 2, ""RELAXATION"": 4, ""NATURE"": 1}"
137,2025-12-10,2025-12-17,1,CULTURE,1,2025-12-10 09:18:51.535755+00,South Africa,,,"{""CULTURE"": 3, ""ADVENTURE"": 3, ""RELAXATION"": 3, ""NATURE"": 3}"
138,2025-12-09,2025-12-17,1,CULTURE,4,2025-12-10 10:17:47.259702+00,South Africa,18,,"{""CULTURE"": 3, ""ADVENTURE"": 3, ""RELAXATION"": 3, ""NATURE"": 3}"
139,2025-12-16,2025-12-30,1,CULTURE,4,2025-12-10 10:48:56.590057+00,Morocco,,,"{""CULTURE"": 3, ""ADVENTURE"": 3, ""RELAXATION"": 3, ""NATURE"": 3}"
140,2025-12-24,2025-12-30,1,ADVENTURE,10,2025-12-10 09:53:25.82305+00,Morocco,54,56,"{""CULTURE"": 1, ""ADVENTURE"": 5, ""RELAXATION"": 2, ""NATURE"": 5}"
141,2025-12-16,2025-12-23,1,CULTURE,4,2025-12-10 10:54:17.838371+00,South Africa,,,"{""CULTURE"": 3, ""ADVENTURE"": 3, ""RELAXATION"": 3, ""NATURE"": 3}"
142,2025-12-16,2025-12-23,1,CULTURE,4,2025-12-10 10:55:03.811223+00,South Africa,,,"{""CULTURE"": 3, ""ADVENTURE"": 3, ""RELAXATION"": 3, ""NATURE"": 3}"
143,2026-01-10,2026-01-22,1,CULTURE,4,2025-12-10 10:57:51.593496+00,South Africa,,,"{""CULTURE"": 3, ""ADVENTURE"": 3, ""RELAXATION"": 3, ""NATURE"": 3}"
144,2025-12-16,2026-01-04,1,CULTURE,4,2025-12-10 11:03:56.82415+00,Morocco,"51,52","45,44","{""CULTURE"": 3, ""ADVENTURE"": 3, ""RELAXATION"": 3, ""NATURE"": 3}"
145,2025-12-16,2025-12-30,1,CULTURE,4,2025-12-10 11:08:07.603804+00,South Africa,"11,13",12,"{""CULTURE"": 4, ""ADVENTURE"": 2, ""RELAXATION"": 4, ""NATURE"": 4}"
146,2025-12-16,2025-12-23,1,ADVENTURE,4,2025-12-10 11:10:03.436686+00,South Africa,,,"{""CULTURE"": 2, ""ADVENTURE"": 4, ""RELAXATION"": 2, ""NATURE"": 4}"
147,2025-12-16,2025-12-30,1,CULTURE,4,2025-12-10 11:11:34.402551+00,South Africa,"10,13,15","12,19","{""CULTURE"": 5, ""ADVENTURE"": 4, ""RELAXATION"": 4, ""NATURE"": 2}"
148,2025-12-16,2025-12-30,2,ADVENTURE,4,2025-12-10 11:12:46.512672+00,South Africa,18,,"{""CULTURE"": 4, ""ADVENTURE"": 5, ""RELAXATION"": 5, ""NATURE"": 4}"
149,2025-12-16,2025-12-23,2,NATURE,4,2025-12-10 11:22:45.935933+00,South Africa,"11,18",,"{""CULTURE"": 4, ""ADVENTURE"": 2, ""RELAXATION"": 4, ""NATURE"": 5}"
150,2025-12-16,2025-12-23,2,CULTURE,4,2025-12-10 11:26:12.297157+00,South Africa,,,"{""CULTURE"": 3, ""ADVENTURE"": 3, ""RELAXATION"": 3, ""NATURE"": 3}"
152,2025-12-17,2025-12-24,1,CULTURE,4,2025-12-11 15:57:08.696504+00,South Africa,24,23,"{""CULTURE"": 3, ""ADVENTURE"": 3, ""RELAXATION"": 3, ""NATURE"": 3}"
153,2025-12-17,2025-12-29,1,RELAXATION,4,2025-12-11 15:59:31.064673+00,Morocco,"45,52","44,48","{""CULTURE"": 2, ""ADVENTURE"": 4, ""RELAXATION"": 5, ""NATURE"": 4}"
154,2025-12-10,2026-01-21,2,CULTURE,4,2025-12-11 16:09:39.829503+00,Morocco,,42,"{""CULTURE"": 1, ""ADVENTURE"": 1, ""RELAXATION"": 1, ""NATURE"": 1}"
155,2026-01-05,2026-01-12,1,ADVENTURE,4,2025-12-11 15:27:17.876252+00,Morocco,54,,"{""CULTURE"": 2, ""ADVENTURE"": 5, ""RELAXATION"": 2, ""NATURE"": 4}"
156,2025-12-17,2025-12-24,1,CULTURE,4,2025-12-11 16:44:44.053036+00,South Africa,18,,"{""CULTURE"": 3, ""ADVENTURE"": 3, ""RELAXATION"": 3, ""NATURE"": 3}"
157,2026-01-12,2026-01-19,1,ADVENTURE,4,2025-12-11 17:55:13.526368+00,Morocco,"53,46",,"{""CULTURE"": 4, ""ADVENTURE"": 5, ""RELAXATION"": 2, ""NATURE"": 4}"
